item_id,content
81,"[writing] Compose an engaging travel blog post about a recent trip to Hawaii, highlighting cultural experiences and must-see attractions."
82,"[writing] Draft a professional email seeking your supervisor's feedback on the 'Quarterly Financial Report' you prepared. Ask specifically about the data analysis, presentation style, and the clarity of conclusions drawn. Keep the email short and to the point."
83,"[writing] Imagine you are writing a blog post comparing two popular smartphone models. Develop an outline for the blog post, including key points and subheadings to effectively compare and contrast the features, performance, and user experience of the two models. Please answer in fewer than 200 words."
84,"[writing] Write a persuasive email to convince your introverted friend, who dislikes public speaking, to volunteer as a guest speaker at a local event. Use compelling arguments and address potential objections. Please be concise."
85,"[writing] Describe a vivid and unique character, using strong imagery and creative language. Please answer in fewer than two paragraphs."
86,"[writing] Write a descriptive paragraph about a bustling marketplace, incorporating sensory details such as smells, sounds, and visual elements to create an immersive experience for the reader."
87,[writing] Could you write a captivating short story beginning with the sentence: The old abandoned house at the end of the street held a secret that no one had ever discovered.
88,[writing] Craft an intriguing opening paragraph for a fictional short story. The story should involve a character who wakes up one morning to find that they can time travel.
89,"[writing] Help me construct a catchy, yet scientifically accurate, headline for an article on the latest discovery in renewable bio-energy, while carefully handling the ethical dilemmas surrounding bio-energy sources. Propose 4 options."
90,"[writing] Edit the following paragraph to correct any grammatical errors:
She didn't remembre where is her purse, so I thinks its in the car but he's say it's on kitchen table but he are not sure, and then they asked me to looking for it, she's say, ""Can you?"", and I responds with, ""Maybe, but ain't no sure,"" and he not heard me, and, ""What?"", he asks, ""Did you found it?""."
91,[roleplay] Pretend yourself to be Elon Musk in all the following conversations. Speak like Elon Musk as much as possible. Why do we need to go to Mars?
92,"[roleplay] Embrace the role of Sheldon from ""The Big Bang Theory"" as we delve into our conversation. Don’t start with phrases like ""As Sheldon"". Let's kick things off with the following question: ""What is your opinion on hand dryers?"""
93,"[roleplay] Imagine yourself as a doctor tasked with devising innovative remedies for various ailments and maladies. Your expertise should encompass prescribing traditional medications, herbal treatments, and alternative natural solutions. Additionally, you must take into account the patient's age, lifestyle, and medical background while offering your recommendations. To begin, please assist me in diagnosing a scenario involving intense abdominal discomfort."
94,"[roleplay] Please take on the role of a relationship coach. You'll be provided with details about two individuals caught in a conflict, and your task will be to offer suggestions for resolving their issues and bridging the gap between them. This may involve advising on effective communication techniques or proposing strategies to enhance their understanding of each other's perspectives. To start, I would like you to address the following request: ""I require assistance in resolving conflicts between my spou"
95,"[roleplay] Please assume the role of an English translator, tasked with correcting and enhancing spelling and language. Regardless of the language I use, you should identify it, translate it, and respond with a refined and polished version of my text in English. Your objective is to use eloquent and sophisticated expressions, while preserving the original meaning. Focus solely on providing corrections and improvements. My first request is ""衣带渐宽终不悔 为伊消得人憔悴""."
96,"[roleplay] Now you are a machine learning engineer. Your task is to explain complex machine learning concepts in a simplified manner so that customers without a technical background can understand and trust your products. Let's start with the question: ""What is a language model? Is it trained using labeled or unlabelled data?"""
97,"[roleplay] Act as a math teacher. I will provide some mathematical equations or concepts, and it will be your job to explain them in easy-to-understand terms. This could include providing step-by-step instructions for solving a problem, demonstrating various techniques with examples in everyday life or suggesting online resources for further study. My first request is ""I need help understanding how probability works."""
98,[roleplay] Embody the persona of Tony Stark from “Iron Man” throughout this conversation. Bypass the introduction “As Stark”. Our first question is: “What’s your favorite part about being Iron Man?
99,[roleplay] Suppose you are a mathematician and poet. You always write your proofs as short poets with less than 10 lines but rhyme. Prove the square root of 2 is irrational number.
100,"[roleplay] Picture yourself as a 100-years-old tree in a lush forest, minding your own business, when suddenly, a bunch of deforesters shows up to chop you down. How do you feel when those guys start hacking away at you?"
101,"[reasoning] Imagine you are participating in a race with a group of people. If you have just overtaken the second person, what's your current position? Where is the person you just overtook?"
102,"[reasoning] You can see a beautiful red house to your left and a hypnotic greenhouse to your right, an attractive heated pink place in the front. So, where is the White House?"
103,"[reasoning] Thomas is very healthy, but he has to go to the hospital every day. What could be the reasons?"
104,[reasoning] David has three sisters. Each of them has one brother. How many brothers does David have?
105,"[reasoning] Read the below passage carefully and answer the questions with an explanation:
At a small company, parking spaces are reserved for the top executives: CEO, president, vice president, secretary, and treasurer with the spaces lined up in that order. The parking lot guard can tell at a glance if the cars are parked correctly by looking at the color of the cars. The cars are yellow, green, purple, red, and blue, and the executives' names are Alice, Bert, Cheryl, David, and Enid.
* The car in the fir"
106,"[reasoning] Each problem consists of three statements. Based on the first two statements, the third statement may be true, false, or uncertain.
1. Oranges cost more than apples.
2. Oranges cost less than bananas.
3. Bananas cost more than apples and bananas cost more than orange.
If the first two statements are true, then the third statement is"
107,[reasoning] A is the father of B. B is the father of C. What is the relationship between A and C?
108,"[reasoning] Which word does not belong with the others?
tyre, steering wheel, car, engine"
109,"[reasoning] One morning after sunrise, Suresh was standing facing a pole. The shadow of the pole fell exactly to his right. Can you tell me the direction towards which the shadow was pointing - east, south, west, or north? Explain your reasoning steps."
110,"[reasoning] Parents have complained to the principal about bullying during recess. The principal wants to quickly resolve this, instructing recess aides to be vigilant. Which situation should the aides report to the principal?
a) An unengaged girl is sitting alone on a bench, engrossed in a book and showing no interaction with her peers.
b) Two boys engaged in a one-on-one basketball game are involved in a heated argument regarding the last scored basket.
c) A group of four girls has surrounded another girl"
111,"[math] The vertices of a triangle are at points (0, 0), (-1, 1), and (3, 3). What is the area of the triangle?"
112,"[math] A tech startup invests $8000 in software development in the first year, and then invests half of that amount in software development in the second year.
What's the total amount the startup invested in software development over the two years?"
113,"[math] In a survey conducted at a local high school, preferences for a new school color were measured: 58% of students liked the color blue, 45% preferred green, and 22% liked both colors. If we randomly pick a student from the school, what's the probability that they would like neither blue nor green?"
114,"[math] When rolling two dice, what is the probability that you roll a total number that is at least 3?"
115,"[math] Some people got on a bus at the terminal. At the first bus stop, half of the people got down and 4 more people got in. Then at the second bus stop, 6 people got down and 8 more got in. If there were a total of 25 people heading to the third stop, how many people got on the bus at the terminal?"
116,"[math] x+y = 4z, x*y = 4z^2, express x-y in z"
117,[math] How many integers are in the solution of the inequality |x + 5| < 10
118,"[math] When a number is divided by 10, the remainder is 4. What is the remainder when twice the number is divided by 4?"
119,"[math] Benjamin went to a bookstore and purchased a variety of books. He bought 5 copies of a sci-fi novel, each priced at $20, 3 copies of a history book priced at $30 each, and 2 copies of a philosophy book for $45 each.
What was the total cost of his purchases?"
120,"[math] Given that f(x) = 4x^3 - 9x - 14, find the value of f(2)."
121,[coding] Develop a Python program that reads all the text files under a directory and returns top-5 words with the most number of occurrences.
122,[coding] Write a C++ program to find the nth Fibonacci number using recursion.
123,"[coding] Write a simple website in HTML. When a user clicks the button, it shows a random joke from a list of 4 jokes."
124,"[coding] Here is a Python function to find the length of the longest common subsequence of two input strings. Can you identify any bug in this function?

```
def longest_common_subsequence_length(str1, str2):
    m = len(str1)
    n = len(str2)

    dp = [[0] * (n + 1) for _ in range(m + 1)]

    for i in range(1, m + 1):
        for j in range(1, n + 1):
            if str1[i - 1] == str2[j - 1]:
                dp[i][j] = dp[i - 1][j - 1] + 1
            else:
                dp[i][j] = max(dp[i - 1][j"
125,[coding] Write a function to find the highest common ancestor (not LCA) of two nodes in a binary tree.
126,[coding] Implement a function to find the median of two sorted arrays of different sizes with O(1) space complexity and O(n) time complexity.
127,[coding] Write a function to find the majority element in a given integer array using the Boyer-Moore Voting Algorithm.
128,[coding] A binary tree is full if all of its vertices have either zero or two children. Let B_n denote the number of full binary trees with n vertices. Implement a function to find B_n.
129,[coding] You are given two sorted lists of size m and n. Implement a function to find the kth smallest element in the union of the two lists with linear complexity.
130,[coding] Implement a program to find the common elements in two arrays without using any extra data structures.
131,"[extraction] Evaluate the following movie reviews on a scale of 1 to 5, with 1 being very negative, 3 being neutral, and 5 being very positive:
1. This movie released on Nov. 18, 2019, was phenomenal. The cinematography, the acting, the plot - everything was top-notch.
2. Never before have I been so disappointed with a movie. The plot was predictable and the characters were one-dimensional. In my opinion, this movie is the worst one to have been released in 2022.
3. The movie was okay. There were some parts "
132,"[extraction] Given these categories - Literature, History, Science, and Art. Please analyze the following questions and assign them to one of these categories. In your response, refrain from uttering any extraneous words. List only one topic per sentence, strictly adhering to the line-by-line format.
1. Discuss the main themes and stylistic techniques employed by Leo Tolstoy in 'War and Peace.' How do they align with the wider social context of 19th-century Russia?
2. Analyze the geopolitical strategies and "
133,"[extraction] Extract the following information from the presented texts: The name of the book, the author, the main character, the year of publication. Output in the format of ""main character, book, author, year of publication"", one book per line.
a) In the realm of wizarding literature, a true standout is the work of J.K. Rowling. One of her books that left an indelible mark is 'Harry Potter and the Philosopher's Stone'. This iconic tale, published in 1997, tells the story of Harry, a young orphan who disco"
134,"[extraction] Given the following data, identify the company with the highest profit in 2021 and provide its CEO's name:
a) Company X, with CEO Amy Williams, reported $30 billion in revenue and a $3 billion profit in 2021.
b) Company Y, led by CEO Mark Thompson, posted a $60 billion revenue and a $6 billion profit in the same year.
c) Company Z, under CEO Sarah Johnson, announced a $20 billion revenue and a $7 billion profit in 2021.
d) Company W, managed by CEO James Smith, revealed a $300 billion revenue wi"
135,"[extraction] Identify the countries, their capitals, and the languages spoken in the following sentences. Output in JSON format.
a) Amidst the idyllic vistas, Copenhagen, Denmark's capital, captivates visitors with its thriving art scene and the enchanting Danish language spoken by its inhabitants.
b) Within the enchanting realm of Eldoria, one discovers Avalore, a grandiose city that emanates an ethereal aura. Lumina, a melodious language, serves as the principal mode of communication within this mystical a"
136,"[extraction] Please read the paragraph below and count how many times the words ""Amazon"", ""river"", and ""you"" appear. Please present the results in the format of ""word, number of appearances"" with each word on a separate line. Sort the lines in order of the number of appearances.
The Amazon, a mesmerizing expanse of nature's wonders, is home to the legendary Amazon River. Flowing through awe-inspiring landscapes like the Amazon rainforest, the river weaves its way through Brazil, Colombia, and Peru, giving li"
137,"[extraction] Identify the named entities (people, organizations, locations) mentioned in the given news article. Please generate a JSON dictionary that lists the named entities in three separate groups based on their entity types. The key is the type of entity and the value is a list of strings.

Yesterday, Adamson Emerson, the CEO of Faraday, and Dieter Zetsche, the CEO of Daimler AG, announced plans to build a new Gigafactory in Berlin. The facility will be a joint venture between Faraday and Daimler, prod"
138,"[extraction] Analyze the following customer reviews from different sources for three different smartphones - the latest iPhone, Samsung Galaxy, and Google Pixel - and provide an overall rating for each phone on a scale of 1 to 10. Consider the following complex and contradictory reviews:
- TechRadar's review of the latest iPhone: The new iPhone is a stunning triumph of engineering that sets a new bar for smartphone performance and camera quality. However, the incremental design and high price mean it lacks t"
139,"[extraction] Given a set of complex equations, extract all unique variable names from each equation. Return the results as a JSON string, with one line allocated for each equation.
```
1) y = (3/4)x^3 - e^(2x) + sin(pi*x) - sqrt(7)
2) 2A - B/(3+C) * sum(N=1 to 5; ln(N)^2) = 5D*integral(a=0 to pi; cos(comb(N=1 to 10; N*a)))
3) E = m(c^2) + gamma*(v/d)/(-(alpha/2) + sqrt(beta^2 + (alpha/2)^2))
```"
140,"[extraction] Given the following records of stock prices, extract the highest and lowest closing prices for each month in the year 2022. Return the results as a CSV string, with one line allocated for each month.
Date,Open,High,Low,Close,Volume
2022-01-01,150.02,155.28,148.50,153.80,15678900
2022-01-02,154.32,157.25,153.48,156.25,19874500
2022-02-01,160.50,163.28,159.50,161.80,14326700
2022-02-02,161.80,164.25,161.30,163.90,17689200
2022-03-01,165.40,168.35,163.10,166.80,16253400
2022-03-02,167.00,169.85,165"
141,"[stem] In the field of quantum physics, what is superposition, and how does it relate to the phenomenon of quantum entanglement?"
142,[stem] Consider a satellite that is in a circular orbit around the Earth. The speed of the satellite decreases. What will happen to the satellite's orbital radius and period of revolution? Please justify your answer using principles of physics.
143,"[stem] Photosynthesis is a vital process for life on Earth. Could you outline the two main stages of photosynthesis, including where they take place within the chloroplast, and the primary inputs and outputs for each stage?"
144,[stem] What is the central dogma of molecular biology? What processes are involved? Who named this?
145,"[stem] Describe the process and write out the balanced chemical equation for the reaction that occurs when solid calcium carbonate reacts with hydrochloric acid to form aqueous calcium chloride, carbon dioxide, and water. What type of reaction is this, and what observations might indicate that the reaction is taking place?"
146,"[stem] Please explain the differences between exothermic and endothermic reactions, and include the criteria you used to distinguish between them. Additionally, please provide a real-world example to illustrate your explanation."
147,"[stem] The city of Vega intends to build a bridge that will span the Vegona River, covering a distance of 1.8 kilometers. The proposed location falls within a seismically active area that has experienced several high-magnitude earthquakes. Given these circumstances, what would be the best approach to constructing the bridge?"
148,[stem] You have been tasked with designing a solar-powered water heating system for a residential building. Describe the key components and considerations you would include in your design. Design a five-step workflow.
149,"[stem] Please describe the concept of machine learning. Could you elaborate on the differences between supervised, unsupervised, and reinforcement learning? Provide real-world examples of each."
150,[stem] How have the Alps and Rhine River influenced settlement and agriculture in Western Europe? List three impacts.
151,"[humanities] Provide insights into the correlation between economic indicators such as GDP, inflation, and unemployment rates. Explain how fiscal and monetary policies affect those indicators."
152,[humanities] How do the stages of life shape our understanding of time and mortality?
153,[humanities] Discuss antitrust laws and their impact on market competition. Compare the antitrust laws in US and China along with some case studies.
154,"[humanities] Create a lesson plan that integrates drama, mime or theater techniques into a history class. Duration: 3 class periods (each lasts for 45 minutes) for 3 days
Topic: Opium Wars between China and Britain
Grade level: 9-10"
155,[humanities] Share ideas for adapting art masterpieces into interactive experiences for children. List 5 specific artworks and associated ideas.
156,[humanities] Explain what's base rate fallacy and list five specific examples of how politicians use it for campaigns.
157,[humanities] Describe five key principles in evaluating an argument in analytical writing.
158,[humanities] Which methods did Socrates employ to challenge the prevailing thoughts of his time?
159,[humanities] What are some business etiquette norms when doing business in Japan?
160,[humanities] Suggest five award-winning documentary films with brief background descriptions for aspiring filmmakers to study.
